Open Time ET,Side,Qty Open,Symbol,Descrip,Avg Price Open,Qty Closed,Closed Time ET,Avg Price Closed,DD as %,DD $,DD Time ET,DD Quant,DD Worst Price,Trade P/L
2022-10-14 10:45:01,SHORT,3,@MNQZ2,MICRO E-MINI NASDAQ 100,10856.0572,3,2022-10-14 12:29:37,10825.0360,-1.63,-423.01,2022-10-14 11:04:00,2,10971.5000,183.00
2022-10-14 10:00:34,SHORT,2,@MNQZ2,MICRO E-MINI NASDAQ 100,10978.5884,2,2022-10-14 10:28:19,10922.2870,-0.76,-197.65,2022-10-14 10:05:00,2,11028.0000,223.00
2022-10-14 07:04:11,LONG,2,@MNQZ2,MICRO E-MINI NASDAQ 100,11093.8172,2,2022-10-14 07:56:17,11077.4652,-0.48,-125.63,2022-10-14 07:56:00,1,11031.0000,-67.00
2022-10-14 05:30:19,SHORT,1,@MNQZ2,MICRO E-MINI NASDAQ 100,11009.8823,1,2022-10-14 06:24:42,11072.1220,-0.52,-136.24,2022-10-14 06:24:00,1,11078.0000,-125.00
2022-10-14 04:45:00,SHORT,3,@MNQZ2,MICRO E-MINI NASDAQ 100,11025.0296,3,2022-10-14 05:19:38,11021.4320,-0.11,-29.88,2022-10-14 05:19:00,-2,11032.5000,19.00
2022-10-13 15:05:38,SHORT,1,@MNQZ2,MICRO E-MINI NASDAQ 100,11101.9328,1,2022-10-13 15:40:26,11069.2302,-0.31,-80.63,2022-10-13 15:10:00,1,11142.2000,64.00
2022-10-13 08:33:35,LONG,2,@MNQZ2,MICRO E-MINI NASDAQ 100,10546.7550,2,2022-10-13 10:19:48,10592.3286,-0.69,-179.02,2022-10-13 08:48:00,2,10502.0000,180.00
2022-10-13 08:33:10,SHORT,1,@MNQZ2,MICRO E-MINI NASDAQ 100,10562.6703,1,2022-10-13 08:33:13,10565.2485,-0.02,-5.00,2022-10-13 08:33:13,1,10565.2000,-6.00
2022-10-13 03:27:03,LONG,1,@MNQZ2,MICRO E-MINI NASDAQ 100,10844.3738,1,2022-10-13 07:03:52,10867.8585,-0.16,-42.25,2022-10-13 04:10:00,1,10823.2000,46.00
2022-10-11 20:54:08,LONG,2,@MNQZ2,MICRO E-MINI NASDAQ 100,10895.1239,2,2022-10-12 04:07:37,10914.9910,-0.92,-236.50,2022-10-12 00:00:00,2,10836.0000,77.00
2022-10-11 15:21:11,LONG,2,@MNQZ2,MICRO E-MINI NASDAQ 100,10807.2137,2,2022-10-11 18:47:39,10855.9360,-0.23,-59.85,2022-10-11 15:32:00,2,10792.2000,193.00
2022-10-11 11:34:05,LONG,3,@MNQZ2,MICRO E-MINI NASDAQ 100,10931.5901,3,2022-10-11 11:59:42,10976.3108,-0.10,-24.54,2022-10-11 11:42:00,3,10927.5000,265.00
2022-10-11 11:02:54,LONG,3,@MNQZ2,MICRO E-MINI NASDAQ 100,10905.7675,3,2022-10-11 11:13:15,10893.8397,-0.53,-135.07,2022-10-11 11:08:00,2,10872.0000,-75.00
2022-10-11 10:34:03,LONG,3,@MNQZ2,MICRO E-MINI NASDAQ 100,10855.2221,3,2022-10-11 10:58:25,10862.5013,-0.18,-46.33,2022-10-11 10:37:00,3,10847.5000,41.00
2022-10-11 08:04:55,LONG,2,@MNQZ2,MICRO E-MINI NASDAQ 100,10907.8168,2,2022-10-11 10:04:23,10797.4658,-1.87,-477.27,2022-10-11 10:04:00,2,10788.5000,-443.00
2022-10-10 19:02:58,LONG,2,@MNQZ2,MICRO E-MINI NASDAQ 100,11017.8236,2,2022-10-10 20:06:36,10997.5331,-0.38,-98.65,2022-10-10 20:06:00,1,10968.5000,-83.00
2022-10-10 13:15:29,LONG,2,@MNQZ2,MICRO E-MINI NASDAQ 100,10923.4188,2,2022-10-10 14:09:08,11032.5555,-0.25,-64.68,2022-10-10 13:19:00,2,10907.2000,435.00
2022-10-10 11:01:38,SHORT,1,@MNQZ2,MICRO E-MINI NASDAQ 100,10933.4129,1,2022-10-10 11:50:43,11009.8974,-0.67,-171.67,2022-10-10 11:50:00,1,11019.2000,-154.00
2022-10-09 19:08:30,LONG,1,@MNQZ2,MICRO E-MINI NASDAQ 100,11029.1916,1,2022-10-10 09:20:10,11114.9780,-0.34,-87.38,2022-10-10 00:00:00,1,10985.5000,171.00
2022-10-09 18:44:33,SHORT,1,@MNQZ2,MICRO E-MINI NASDAQ 100,11013.4705,1,2022-10-09 19:08:30,11029.5827,-0.15,-38.56,2022-10-09 19:08:00,1,11032.8000,-33.00
2022-10-07 13:02:14,SHORT,3,@MNQZ2,MICRO E-MINI NASDAQ 100,11109.4287,3,2022-10-07 14:35:09,11096.3644,-0.26,-65.19,2022-10-07 14:15:00,2,11133.8000,75.00
2022-10-07 10:55:52,SHORT,1,@MNQZ2,MICRO E-MINI NASDAQ 100,11255.7770,1,2022-10-07 11:00:07,11243.0069,0.00,0.00,2022-10-07 10:55:52,,0.0000,25.00
2022-10-07 10:11:11,SHORT,1,@MNQZ2,MICRO E-MINI NASDAQ 100,11239.4106,1,2022-10-07 10:55:52,11256.6232,-0.29,-73.18,2022-10-07 10:23:00,1,11276.0000,-35.00
2022-10-07 08:51:56,SHORT,1,@MNQZ2,MICRO E-MINI NASDAQ 100,11318.3819,1,2022-10-07 10:05:32,11224.6361,-0.47,-118.24,2022-10-07 09:18:00,1,11377.5000,186.00
2022-10-06 20:26:16,LONG,1,@MNQZ2,MICRO E-MINI NASDAQ 100,11522.9563,1,2022-10-07 00:54:06,11509.9391,-0.36,-91.41,2022-10-07 00:00:00,1,11477.2000,-27.00
2022-10-06 09:01:53,SHORT,2,@MNQZ2,MICRO E-MINI NASDAQ 100,11648.7847,2,2022-10-06 20:08:44,11545.7498,-1.02,-250.86,2022-10-06 09:54:00,2,11711.5000,410.00
2022-10-06 04:15:00,SHORT,1,@MNQZ2,MICRO E-MINI NASDAQ 100,11612.7643,1,2022-10-06 06:55:50,11542.6828,-0.06,-15.97,2022-10-06 04:17:00,1,11620.8000,139.00
2022-10-05 18:37:08,LONG,1,@MNQZ2,MICRO E-MINI NASDAQ 100,11639.3064,1,2022-10-05 20:08:24,11687.4800,0.00,0.00,2022-10-05 18:37:08,,0.0000,95.00
2022-10-05 09:10:31,SHORT,2,@MNQZ2,MICRO E-MINI NASDAQ 100,11435.3715,2,2022-10-05 13:06:43,11573.5222,-2.30,-570.51,2022-10-05 13:06:00,2,11578.0000,-555.00
2022-10-05 05:00:00,LONG,1,@MNQZ2,MICRO E-MINI NASDAQ 100,11550.5093,1,2022-10-05 09:00:00,11510.9921,-0.38,-95.52,2022-10-05 08:57:00,1,11502.8000,-80.00
2022-10-04 15:00:00,LONG,1,@MNQZ2,MICRO E-MINI NASDAQ 100,11632.5160,1,2022-10-04 21:00:00,11584.4662,-0.48,-120.53,2022-10-04 20:51:00,1,11572.2000,-97.00
2022-09-30 12:26:35,LONG,2,@MNQZ2,MICRO E-MINI NASDAQ 100,11177.4869,2,2022-09-30 15:47:01,11124.9468,-1.13,-287.95,2022-09-30 15:00:00,2,11105.5000,-212.00
2022-09-30 01:18:32,LONG,1,@MNQZ2,MICRO E-MINI NASDAQ 100,11241.9491,1,2022-09-30 04:29:58,11319.3105,-0.14,-35.40,2022-09-30 01:59:00,1,11224.2000,154.00
2022-09-29 15:07:42,LONG,1,@MNQZ2,MICRO E-MINI NASDAQ 100,11140.7616,1,2022-09-29 16:52:19,11228.5824,-0.11,-28.52,2022-09-29 15:10:00,1,11126.5000,175.00
2022-09-29 09:39:40,SHORT,1,@MNQZ2,MICRO E-MINI NASDAQ 100,11314.1587,1,2022-09-29 09:42:19,11303.1753,0.00,0.00,2022-09-29 09:39:40,,0.0000,21.00
2022-09-28 16:00:20,SHORT,1,@MNQZ2,MICRO E-MINI NASDAQ 100,11560.6775,1,2022-09-28 19:37:07,11526.7854,-0.03,-7.64,2022-09-28 18:14:00,1,11564.5000,67.00
2022-09-28 06:03:05,LONG,2,@MNQZ2,MICRO E-MINI NASDAQ 100,11192.8847,2,2022-09-28 07:36:55,11221.5858,-0.46,-115.54,2022-09-28 06:06:00,2,11164.0000,113.00
2022-09-27 14:50:31,LONG,1,@MNQZ2,MICRO E-MINI NASDAQ 100,11352.5857,1,2022-09-27 18:26:18,11348.2979,-0.57,-143.17,2022-09-27 15:33:00,1,11281.0000,-10.00
2022-09-26 18:32:16,LONG,1,@MNQZ2,MICRO E-MINI NASDAQ 100,11321.9737,1,2022-09-26 23:47:54,11399.3993,-0.02,-5.45,2022-09-26 18:45:00,1,11319.2000,154.00
2022-09-23 09:43:57,LONG,2,@MNQZ2,MICRO E-MINI NASDAQ 100,11356.1580,2,2022-09-23 14:55:26,11295.4014,-0.96,-241.82,2022-09-23 14:55:00,1,11235.2000,-245.00
2022-09-22 18:21:28,LONG,1,@MNQZ2,MICRO E-MINI NASDAQ 100,11584.1240,1,2022-09-23 00:06:11,11534.6226,-0.62,-157.75,2022-09-23 00:06:00,1,11505.2000,-100.00
2022-09-22 09:43:40,SHORT,1,@MNQZ2,MICRO E-MINI NASDAQ 100,11591.7189,1,2022-09-22 09:51:20,11596.0947,-0.24,-62.00,2022-09-22 09:47:00,1,11625.8000,-10.00
2022-09-22 09:13:29,SHORT,1,@MNQZ2,MICRO E-MINI NASDAQ 100,11688.5877,1,2022-09-22 09:35:29,11653.1765,0.00,0.00,2022-09-22 09:13:29,,0.0000,70.00
2022-09-22 05:01:15,SHORT,1,@MNQZ2,MICRO E-MINI NASDAQ 100,11750.0455,1,2022-09-22 05:49:03,11690.2097,0.00,0.00,2022-09-22 05:01:15,,0.0000,119.00
2022-09-21 18:42:21,SHORT,1,@MNQZ2,MICRO E-MINI NASDAQ 100,11646.8634,1,2022-09-21 19:55:20,11621.8272,0.00,0.00,2022-09-21 18:42:21,,0.0000,49.00
2022-09-21 14:30:07,SHORT,2,@MNQZ2,MICRO E-MINI NASDAQ 100,11893.7689,2,2022-09-21 15:57:39,11793.9637,-4.04,-971.00,2022-09-21 14:46:00,2,12139.0000,397.00
2022-09-21 14:02:28,SHORT,1,@MNQZ2,MICRO E-MINI NASDAQ 100,11842.8444,1,2022-09-21 14:08:46,11867.9765,0.00,0.00,2022-09-21 14:02:28,,0.0000,-51.00
2022-09-20 14:50:57,LONG,2,@MNQZ2,MICRO E-MINI NASDAQ 100,11907.1394,2,2022-09-21 04:08:59,11930.2292,-0.34,-85.00,2022-09-21 03:08:00,1,11862.5000,90.00
2022-09-20 11:09:37,LONG,1,@MNQZ2,MICRO E-MINI NASDAQ 100,11978.0605,1,2022-09-20 13:30:34,11866.3667,-0.95,-235.50,2022-09-20 13:30:00,1,11862.2000,-224.00
2022-09-19 08:38:48,LONG,1,@MNQZ2,MICRO E-MINI NASDAQ 100,11851.1941,1,2022-09-19 09:36:07,11866.4508,-0.29,-72.86,2022-09-19 09:29:00,1,11814.8000,30.00
2022-09-16 12:32:50,SHORT,1,@MNQZ2,MICRO E-MINI NASDAQ 100,11794.5761,1,2022-09-18 18:33:17,11897.6312,-1.33,-330.85,2022-09-16 16:59:00,1,11960.0000,-207.00
2022-09-16 09:50:15,LONG,1,@MNQZ2,MICRO E-MINI NASDAQ 100,11822.1038,1,2022-09-16 10:02:36,11815.7849,-0.33,-84.21,2022-09-16 10:00:00,1,11780.0000,-14.00
2022-09-16 09:38:55,LONG,1,@MNQZ2,MICRO E-MINI NASDAQ 100,11835.3687,1,2022-09-16 09:40:15,11826.8092,-0.07,-17.00,2022-09-16 09:40:15,1,11826.8000,-18.00
2022-09-16 09:02:05,LONG,1,@MNQZ2,MICRO E-MINI NASDAQ 100,11840.8900,1,2022-09-16 09:29:47,11830.9062,-0.12,-31.28,2022-09-16 09:25:00,1,11825.2000,-21.00
2022-09-16 05:52:13,LONG,1,@MNQZ2,MICRO E-MINI NASDAQ 100,11875.3429,1,2022-09-16 06:32:26,11877.3271,-0.15,-38.00,2022-09-16 06:18:00,1,11856.0000,3.00
2022-09-15 16:47:23,SHORT,1,@MNQZ2,MICRO E-MINI NASDAQ 100,11958.5237,1,2022-09-15 18:12:43,11919.2651,-0.09,-22.50,2022-09-15 16:59:00,1,11974.0000,78.00
2022-09-15 14:00:00,SHORT,1,@MNQZ2,MICRO E-MINI NASDAQ 100,12086.2563,1,2022-09-15 15:51:05,11995.7326,0.00,0.00,2022-09-15 14:00:00,,0.0000,180.00
2022-09-15 10:29:04,SHORT,1,@MNQZ2,MICRO E-MINI NASDAQ 100,12118.9974,1,2022-09-15 11:38:11,12065.7219,-0.13,-33.51,2022-09-15 10:38:00,1,12135.8000,106.00
2022-09-14 09:47:23,LONG,2,@MNQU2,MICRO E-MINI NASDAQ 100,12103.4765,2,2022-09-14 10:26:50,12034.6641,-1.06,-261.91,2022-09-14 10:26:00,2,12038.0000,-277.00
2022-09-14 08:00:00,SHORT,1,@MNQU2,MICRO E-MINI NASDAQ 100,12014.1465,1,2022-09-14 09:47:00,12110.8050,-0.96,-241.21,2022-09-14 09:46:00,1,12134.8000,-194.00
2022-09-13 21:08:07,SHORT,1,@MNQU2,MICRO E-MINI NASDAQ 100,12027.0033,1,2022-09-13 21:17:45,12042.2854,-0.14,-35.49,2022-09-13 21:16:00,1,12044.8000,-32.00
2022-09-13 19:00:00,SHORT,2,@MNQU2,MICRO E-MINI NASDAQ 100,12060.2171,2,2022-09-13 21:01:00,12035.6842,-0.08,-20.13,2022-09-13 19:02:00,2,12065.2000,96.00
2022-09-13 08:38:39,SHORT,1,@MNQU2,MICRO E-MINI NASDAQ 100,12429.8617,1,2022-09-13 10:00:18,12294.2254,-0.30,-76.28,2022-09-13 08:46:00,1,12468.0000,270.00
2022-09-12 21:43:20,SHORT,1,@MNQU2,MICRO E-MINI NASDAQ 100,12745.8691,1,2022-09-12 23:05:44,12763.4237,-0.14,-36.26,2022-09-12 23:05:00,1,12764.0000,-36.00
2022-09-09 11:53:04,SHORT,2,@MNQU2,MICRO E-MINI NASDAQ 100,12603.0654,2,2022-09-11 18:50:29,12653.8691,-1.06,-265.26,2022-09-11 18:03:00,1,12679.5000,-205.00
2022-09-09 10:02:09,LONG,1,@MNQU2,MICRO E-MINI NASDAQ 100,12521.7059,1,2022-09-09 10:15:06,12528.7048,-0.09,-22.41,2022-09-09 10:13:00,1,12510.5000,13.00
2022-09-09 09:17:20,LONG,1,@MNQU2,MICRO E-MINI NASDAQ 100,12449.3478,1,2022-09-09 09:32:59,12463.5205,-0.34,-86.70,2022-09-09 09:28:00,1,12406.0000,27.00
2022-09-08 19:24:50,LONG,1,@MNQU2,MICRO E-MINI NASDAQ 100,12354.7885,1,2022-09-08 19:39:02,12350.5351,-0.04,-11.00,2022-09-08 19:32:00,1,12348.2000,-10.00
2022-09-08 14:00:00,SHORT,1,@MNQU2,MICRO E-MINI NASDAQ 100,12262.5364,1,2022-09-08 14:29:27,12267.2729,-0.14,-34.43,2022-09-08 14:06:00,1,12279.8000,-10.00
2022-09-08 11:39:13,SHORT,1,@MNQU2,MICRO E-MINI NASDAQ 100,12334.3270,1,2022-09-08 12:38:20,12202.7207,-0.02,-4.35,2022-09-08 11:47:00,1,12336.5000,262.00
2022-09-08 10:38:36,LONG,2,@MNQU2,MICRO E-MINI NASDAQ 100,12301.0628,2,2022-09-08 11:11:23,12357.5145,-0.23,-57.25,2022-09-08 10:42:00,2,12286.8000,224.00
2022-09-08 09:00:01,SHORT,1,@MNQU2,MICRO E-MINI NASDAQ 100,12183.0968,1,2022-09-08 10:38:36,12302.3375,-0.97,-243.31,2022-09-08 10:38:00,1,12304.8000,-239.00
2022-09-07 14:30:38,SHORT,1,@MNQU2,MICRO E-MINI NASDAQ 100,12249.1976,1,2022-09-07 16:27:37,12270.2620,-0.46,-114.11,2022-09-07 15:29:00,1,12306.2000,-43.00
2022-09-07 14:16:51,SHORT,1,@MNQU2,MICRO E-MINI NASDAQ 100,12225.8294,1,2022-09-07 14:26:06,12224.6921,-0.05,-11.34,2022-09-07 14:26:00,1,12231.5000,1.00
2022-09-06 20:32:01,SHORT,1,@MNQU2,MICRO E-MINI NASDAQ 100,11933.7288,1,2022-09-07 00:00:19,11991.2490,-0.80,-201.54,2022-09-07 00:00:00,1,12034.5000,-116.00
2022-09-06 12:10:31,SHORT,1,@MNQU2,MICRO E-MINI NASDAQ 100,12078.8672,1,2022-09-06 12:30:58,12047.0101,-0.07,-16.77,2022-09-06 12:14:00,1,12087.2000,63.00
2022-09-06 09:39:00,SHORT,1,@MNQU2,MICRO E-MINI NASDAQ 100,12088.9291,1,2022-09-06 10:29:02,11995.8741,-0.21,-51.64,2022-09-06 09:42:00,1,12114.8000,185.00
2022-09-02 15:00:00,SHORT,1,@MNQU2,MICRO E-MINI NASDAQ 100,12107.1927,1,2022-09-02 15:54:52,12103.0271,-0.44,-109.11,2022-09-02 15:07:00,1,12161.8000,7.00
2022-09-02 14:00:00,SHORT,1,@MNQU2,MICRO E-MINI NASDAQ 100,12093.5736,1,2022-09-02 14:39:34,12149.8587,-0.48,-119.35,2022-09-02 14:38:00,1,12153.2000,-114.00
2022-09-02 11:09:58,SHORT,1,@MNQU2,MICRO E-MINI NASDAQ 100,12399.7725,1,2022-09-02 11:12:00,12400.3294,-0.08,-19.95,2022-09-02 11:12:00,1,12409.8000,-2.00
2022-09-02 10:40:40,SHORT,1,@MNQU2,MICRO E-MINI NASDAQ 100,12443.2621,1,2022-09-02 10:56:14,12374.7471,-0.11,-27.48,2022-09-02 10:43:00,1,12457.0000,136.00
2022-09-02 09:42:18,SHORT,1,@MNQU2,MICRO E-MINI NASDAQ 100,12299.3112,1,2022-09-02 10:03:49,12279.9316,-0.51,-127.38,2022-09-02 09:51:00,1,12363.0000,38.00
2022-09-01 09:08:00,LONG,2,@MNQU2,MICRO E-MINI NASDAQ 100,12133.4603,2,2022-09-01 14:38:53,12159.9700,-1.87,-460.84,2022-09-01 12:57:00,2,12018.2000,104.00
2022-08-31 15:00:00,SHORT,1,@MNQU2,MICRO E-MINI NASDAQ 100,12296.7143,1,2022-08-31 15:15:01,12350.7882,-0.60,-150.07,2022-08-31 15:15:00,1,12371.8000,-109.00
2022-08-31 13:01:32,SHORT,1,@MNQU2,MICRO E-MINI NASDAQ 100,12345.7314,1,2022-08-31 13:54:19,12311.3871,-0.20,-49.54,2022-08-31 13:13:00,1,12370.5000,68.00
2022-08-31 11:03:46,SHORT,1,@MNQU2,MICRO E-MINI NASDAQ 100,12333.3940,1,2022-08-31 11:06:39,12315.5948,0.00,0.00,2022-08-31 11:03:46,,0.0000,35.00
2022-08-31 09:36:47,LONG,1,@MNQU2,MICRO E-MINI NASDAQ 100,12417.8283,1,2022-08-31 09:45:00,12469.3827,-0.08,-20.66,2022-08-31 09:39:00,1,12407.5000,102.00
2022-08-31 06:40:49,LONG,1,@MNQU2,MICRO E-MINI NASDAQ 100,12442.0082,1,2022-08-31 08:21:16,12452.5808,-0.24,-60.52,2022-08-31 07:50:00,1,12411.8000,20.00
2022-08-30 15:08:58,LONG,1,@MNQU2,MICRO E-MINI NASDAQ 100,12351.5800,1,2022-08-30 15:15:00,12371.0433,0.00,0.00,2022-08-30 15:08:58,,0.0000,38.00
2022-08-30 14:07:40,LONG,1,@MNQU2,MICRO E-MINI NASDAQ 100,12314.0989,1,2022-08-30 15:04:19,12334.3222,-0.27,-67.20,2022-08-30 14:27:00,1,12280.5000,39.00
2022-08-30 11:00:00,SHORT,1,@MNQU2,MICRO E-MINI NASDAQ 100,12341.0800,1,2022-08-30 11:51:09,12341.1056,-0.32,-79.84,2022-08-30 11:34:00,1,12381.0000,-1.00
2022-08-29 15:01:24,SHORT,1,@MNQU2,MICRO E-MINI NASDAQ 100,12564.4301,1,2022-08-29 15:02:20,12582.9639,-0.15,-37.00,2022-08-29 15:02:20,1,12583.0000,-38.00
2022-08-29 14:50:47,SHORT,2,@MNQU2,MICRO E-MINI NASDAQ 100,12544.6456,2,2022-08-29 14:59:24,12540.2230,-0.11,-27.71,2022-08-29 14:59:00,1,12558.5000,16.00
2022-08-29 14:14:19,SHORT,1,@MNQU2,MICRO E-MINI NASDAQ 100,12545.9390,1,2022-08-29 14:24:19,12533.0488,0.00,0.00,2022-08-29 14:14:19,,0.0000,25.00
2022-08-29 13:15:44,SHORT,1,@MNQU2,MICRO E-MINI NASDAQ 100,12562.7793,1,2022-08-29 13:28:04,12554.8768,0.00,0.00,2022-08-29 13:15:44,,0.0000,15.00
2022-08-29 10:33:25,SHORT,1,@MNQU2,MICRO E-MINI NASDAQ 100,12538.9825,1,2022-08-29 10:40:32,12509.8762,0.00,0.00,2022-08-29 10:33:25,,0.0000,57.00
2022-08-26 05:49:33,SHORT,2,@MNQU2,MICRO E-MINI NASDAQ 100,12981.8390,2,2022-08-28 20:15:36,12633.0248,-1.22,-282.23,2022-08-26 09:08:00,1,13220.0000,1393.00
2022-08-25 15:01:39,SHORT,1,@MNQU2,MICRO E-MINI NASDAQ 100,13062.2065,1,2022-08-25 15:54:04,13141.9221,-0.73,-171.09,2022-08-25 15:54:00,1,13147.8000,-160.00
2022-08-22 14:07:42,LONG,1,@MNQU2,MICRO E-MINI NASDAQ 100,12927.6211,1,2022-08-23 02:14:07,12851.6297,-0.68,-159.74,2022-08-23 02:14:00,1,12847.8000,-153.00
2022-08-22 09:52:02,SHORT,1,@MNQU2,MICRO E-MINI NASDAQ 100,13012.1592,1,2022-08-22 10:27:37,12988.5400,-0.32,-74.18,2022-08-22 09:56:00,1,13049.2000,46.00
2022-08-21 19:54:01,SHORT,1,@MNQU2,MICRO E-MINI NASDAQ 100,13185.6571,1,2022-08-21 22:26:09,13206.8413,-0.19,-44.19,2022-08-21 22:25:00,1,13207.8000,-43.00
2022-08-21 18:03:07,SHORT,1,@MNQU2,MICRO E-MINI NASDAQ 100,13191.2492,1,2022-08-21 19:07:58,13209.6476,-0.16,-38.00,2022-08-21 19:07:00,1,13210.2000,-38.00
2022-08-19 08:24:18,SHORT,1,@MNQU2,MICRO E-MINI NASDAQ 100,13369.4621,1,2022-08-19 09:57:09,13316.1982,-0.48,-111.58,2022-08-19 09:32:00,1,13425.2000,106.00
2022-08-18 20:36:37,SHORT,1,@MNQU2,MICRO E-MINI NASDAQ 100,13496.8193,1,2022-08-18 21:42:01,13496.2776,-0.12,-28.86,2022-08-18 21:17:00,1,13511.2000,0.00
2022-08-18 13:56:17,SHORT,1,@MNQU2,MICRO E-MINI NASDAQ 100,13539.0250,1,2022-08-18 14:53:07,13533.2946,-0.13,-30.95,2022-08-18 14:17:00,1,13554.5000,10.00
2022-08-17 14:14:25,SHORT,1,@MNQU2,MICRO E-MINI NASDAQ 100,13562.3702,1,2022-08-17 16:44:56,13511.4277,-0.46,-107.76,2022-08-17 14:39:00,1,13616.2000,101.00
2022-08-16 11:33:20,SHORT,1,@MNQU2,MICRO E-MINI NASDAQ 100,13644.6691,1,2022-08-17 11:57:08,13425.5061,-0.84,-191.66,2022-08-16 14:10:00,1,13740.5000,437.00
2022-08-16 10:42:25,LONG,1,@MNQU2,MICRO E-MINI NASDAQ 100,13549.2222,1,2022-08-16 10:42:37,13549.0907,0.00,0.00,2022-08-16 10:42:25,,0.0000,-1.00
2022-08-16 10:30:00,SHORT,1,@MNQU2,MICRO E-MINI NASDAQ 100,13560.3463,1,2022-08-16 10:42:24,13549.7648,0.00,0.00,2022-08-16 10:30:00,,0.0000,20.00
2022-08-15 12:02:01,SHORT,1,@MNQU2,MICRO E-MINI NASDAQ 100,13645.9722,1,2022-08-16 05:08:49,13662.2759,-0.52,-119.56,2022-08-15 15:21:00,1,13705.8000,-34.00
2022-08-15 10:16:23,SHORT,1,@MNQU2,MICRO E-MINI NASDAQ 100,13560.2509,1,2022-08-15 10:58:00,13555.8278,-0.31,-72.50,2022-08-15 10:42:00,1,13596.5000,8.00
2022-08-12 12:03:22,SHORT,1,@MNQU2,MICRO E-MINI NASDAQ 100,13467.4109,1,2022-08-15 05:42:04,13504.2981,-1.01,-231.18,2022-08-12 15:59:00,1,13583.0000,-75.00
2022-08-11 11:03:41,SHORT,1,@MNQU2,MICRO E-MINI NASDAQ 100,13466.7349,1,2022-08-11 14:36:16,13352.4854,0.00,0.00,2022-08-11 11:03:41,,0.0000,228.00
2022-08-11 09:30:00,LONG,1,@MNQU2,MICRO E-MINI NASDAQ 100,13492.1200,1,2022-08-11 10:11:56,13546.0725,-0.32,-72.24,2022-08-11 09:34:00,1,13456.0000,107.00
2022-08-10 18:37:27,LONG,1,@MNQU2,MICRO E-MINI NASDAQ 100,13374.3878,1,2022-08-10 21:09:27,13448.6615,-0.01,-1.28,2022-08-10 18:41:00,1,13373.8000,148.00
2022-08-10 10:13:18,SHORT,2,@MNQU2,MICRO E-MINI NASDAQ 100,13344.1716,2,2022-08-10 16:33:09,13390.8839,-1.12,-255.31,2022-08-10 15:54:00,2,13408.0000,-189.00
2022-08-09 12:30:00,SHORT,2,@MNQU2,MICRO E-MINI NASDAQ 100,13000.0273,2,2022-08-10 08:28:00,13055.2823,-1.28,-293.44,2022-08-10 08:28:00,1,13146.8000,-223.00
2022-08-09 08:33:45,LONG,1,@MNQU2,MICRO E-MINI NASDAQ 100,13114.4568,1,2022-08-09 08:42:21,13105.4545,-0.11,-24.41,2022-08-09 08:42:00,1,13102.2000,-19.00
2022-08-08 21:42:35,SHORT,1,@MNQU2,MICRO E-MINI NASDAQ 100,13173.3342,1,2022-08-08 21:50:16,13175.5842,-0.04,-10.33,2022-08-08 21:50:00,1,13178.5000,-6.00
2022-08-08 09:02:54,SHORT,2,@MNQU2,MICRO E-MINI NASDAQ 100,13336.4947,2,2022-08-08 19:12:08,13295.1119,-1.46,-332.02,2022-08-08 10:03:00,2,13419.5000,164.00
2022-08-07 18:41:15,SHORT,1,@MNQU2,MICRO E-MINI NASDAQ 100,13178.4861,1,2022-08-07 20:21:16,13195.8167,-0.17,-38.03,2022-08-07 20:18:00,1,13197.5000,-36.00
2022-08-05 14:00:14,SHORT,1,@MNQU2,MICRO E-MINI NASDAQ 100,13188.7026,1,2022-08-05 14:10:28,13183.9947,-0.07,-16.59,2022-08-05 14:06:00,1,13197.0000,8.00
2022-08-05 10:17:37,SHORT,1,@MNQU2,MICRO E-MINI NASDAQ 100,13280.7838,1,2022-08-05 10:35:13,13258.7459,-0.26,-58.43,2022-08-05 10:22:00,1,13310.0000,43.00
2022-08-03 15:35:26,SHORT,1,@MNQU2,MICRO E-MINI NASDAQ 100,13285.3143,1,2022-08-03 18:00:00,13244.9111,-0.22,-50.37,2022-08-03 15:54:00,1,13310.5000,80.00
2022-08-03 13:38:39,SHORT,1,@MNQU2,MICRO E-MINI NASDAQ 100,13263.6083,1,2022-08-03 13:45:19,13260.4583,-0.03,-5.78,2022-08-03 13:44:00,1,13266.5000,5.00
2022-08-03 05:30:00,LONG,1,@MNQU2,MICRO E-MINI NASDAQ 100,12983.1357,1,2022-08-03 10:21:06,13123.7269,-0.25,-57.27,2022-08-03 06:51:00,1,12954.5000,280.00
2022-08-02 13:34:35,SHORT,1,@MNQU2,MICRO E-MINI NASDAQ 100,12944.8800,1,2022-08-02 13:47:31,12923.3920,0.00,0.00,2022-08-02 13:34:35,,0.0000,42.00
2022-08-02 11:13:39,SHORT,1,@MNQU2,MICRO E-MINI NASDAQ 100,12945.9360,1,2022-08-02 11:19:59,12945.0520,-0.10,-22.63,2022-08-02 11:19:00,1,12957.2000,1.00
2022-08-01 10:29:31,SHORT,2,@MNQU2,MICRO E-MINI NASDAQ 100,13038.5380,2,2022-08-01 13:41:34,12986.1473,-1.12,-248.46,2022-08-01 10:54:00,1,13108.5000,208.00
2022-08-01 10:26:15,SHORT,1,@MNQU2,MICRO E-MINI NASDAQ 100,12990.6720,1,2022-08-01 10:27:14,12982.6160,0.00,0.00,2022-08-01 10:26:15,,0.0000,15.00
2022-07-29 15:39:40,SHORT,1,@MNQU2,MICRO E-MINI NASDAQ 100,12996.2000,1,2022-07-29 15:57:39,12968.9941,-0.15,-32.60,2022-07-29 15:50:00,1,13012.5000,53.00
2022-07-29 10:52:27,SHORT,1,@MNQU2,MICRO E-MINI NASDAQ 100,12900.7700,1,2022-07-29 11:28:51,12812.3222,-0.07,-16.46,2022-07-29 10:55:00,1,12909.0000,176.00
2022-07-29 09:02:23,SHORT,1,@MNQU2,MICRO E-MINI NASDAQ 100,12817.0474,1,2022-07-29 09:21:06,12798.6158,0.00,0.00,2022-07-29 09:02:23,,0.0000,36.00
2022-07-28 22:21:13,SHORT,1,@MNQU2,MICRO E-MINI NASDAQ 100,12906.6727,1,2022-07-28 22:25:24,12908.3682,-0.04,-8.15,2022-07-28 22:24:00,1,12910.8000,-4.00
2022-07-28 16:40:14,SHORT,1,@MNQU2,MICRO E-MINI NASDAQ 100,12917.6870,1,2022-07-28 19:29:43,12890.4857,-0.09,-19.13,2022-07-28 16:57:00,1,12927.2000,53.00
2022-07-28 15:10:03,SHORT,1,@MNQU2,MICRO E-MINI NASDAQ 100,12742.0435,1,2022-07-28 15:16:17,12728.3652,-0.02,-3.91,2022-07-28 15:14:00,1,12744.0000,26.00
2022-07-27 15:58:33,SHORT,1,@MNQU2,MICRO E-MINI NASDAQ 100,12627.7158,1,2022-07-27 16:05:25,12565.5526,0.00,0.00,2022-07-27 15:58:33,,0.0000,123.00
2022-07-27 09:49:33,SHORT,2,@MNQU2,MICRO E-MINI NASDAQ 100,12418.1283,2,2022-07-27 12:57:24,12421.0913,-0.53,-115.24,2022-07-27 12:26:00,1,12475.8000,-14.00
2022-07-27 09:21:50,SHORT,1,@MNQU2,MICRO E-MINI NASDAQ 100,12302.3895,1,2022-07-27 09:32:01,12296.3789,-0.22,-48.72,2022-07-27 09:30:00,1,12326.8000,11.00
2022-07-26 11:14:50,LONG,2,@MNQU2,MICRO E-MINI NASDAQ 100,12146.0544,2,2022-07-26 16:53:34,12176.7606,-1.40,-304.22,2022-07-26 16:00:00,2,12070.0000,121.00
2022-07-25 20:11:11,SHORT,1,@MNQU2,MICRO E-MINI NASDAQ 100,12295.7136,1,2022-07-25 21:11:28,12294.3727,-0.05,-10.07,2022-07-25 20:14:00,1,12300.8000,2.00
2022-07-24 18:03:20,SHORT,1,@MNQU2,MICRO E-MINI NASDAQ 100,12410.1706,1,2022-07-24 21:04:10,12387.8471,-0.24,-52.16,2022-07-24 20:24:00,1,12436.2000,44.00
2022-07-21 11:07:59,SHORT,2,@MNQU2,MICRO E-MINI NASDAQ 100,12544.4356,2,2022-07-22 15:26:27,12484.7852,-1.42,-306.26,2022-07-21 12:32:00,2,12621.0000,237.00
2022-07-21 09:22:51,SHORT,1,@MNQU2,MICRO E-MINI NASDAQ 100,12488.1647,1,2022-07-21 10:59:53,12481.1714,-0.49,-106.17,2022-07-21 10:01:00,1,12541.2000,13.00
2022-07-20 22:21:23,LONG,2,@MNQU2,MICRO E-MINI NASDAQ 100,12426.8243,2,2022-07-20 22:25:35,12424.0973,-0.09,-19.30,2022-07-20 22:24:00,2,12422.0000,-13.00
2022-07-19 10:36:53,SHORT,3,@MNQU2,MICRO E-MINI NASDAQ 100,12208.0787,3,2022-07-19 20:25:33,12320.0965,-4.70,-1014.65,2022-07-19 18:00:00,2,12405.0000,-675.00
2022-07-19 09:57:54,SHORT,1,@MNQU2,MICRO E-MINI NASDAQ 100,12048.6150,1,2022-07-19 10:20:41,12040.3900,-0.21,-46.27,2022-07-19 10:13:00,1,12071.8000,15.00
2022-07-18 13:01:10,SHORT,1,@MNQU2,MICRO E-MINI NASDAQ 100,12142.2000,1,2022-07-18 13:35:33,12070.9579,-0.07,-14.60,2022-07-18 13:05:00,1,12149.5000,141.00
2022-07-18 06:48:50,SHORT,1,@MNQU2,MICRO E-MINI NASDAQ 100,12146.0438,1,2022-07-18 08:29:50,12106.9375,-0.17,-37.41,2022-07-18 07:24:00,1,12164.8000,77.00
2022-07-14 10:34:03,LONG,1,@MNQU2,MICRO E-MINI NASDAQ 100,11581.4706,1,2022-07-14 11:32:18,11633.6824,-0.32,-69.94,2022-07-14 10:46:00,1,11546.5000,103.00
2022-07-13 15:44:26,SHORT,1,@MNQU2,MICRO E-MINI NASDAQ 100,11767.9308,1,2022-07-13 16:50:51,11732.3778,-0.20,-43.64,2022-07-13 15:57:00,1,11789.8000,70.00
2022-07-13 11:08:41,SHORT,1,@MNQU2,MICRO E-MINI NASDAQ 100,11804.2308,1,2022-07-13 11:17:38,11799.7538,-0.17,-36.54,2022-07-13 11:12:00,1,11822.5000,8.00
2022-07-13 10:45:49,SHORT,1,@MNQU2,MICRO E-MINI NASDAQ 100,11801.8385,1,2022-07-13 11:00:11,11791.6462,-0.28,-60.82,2022-07-13 10:51:00,1,11832.2000,19.00
2022-07-12 18:47:02,SHORT,1,@MNQU2,MICRO E-MINI NASDAQ 100,11779.0000,1,2022-07-12 22:56:42,11806.8923,-0.35,-75.50,2022-07-12 21:09:00,1,11816.8000,-57.00
2022-07-11 14:01:57,SHORT,1,@MNQU2,MICRO E-MINI NASDAQ 100,11977.4769,1,2022-07-11 15:56:35,11874.5273,0.00,0.00,2022-07-11 14:01:57,,0.0000,205.00
2022-07-10 21:36:13,SHORT,1,@MNQU2,MICRO E-MINI NASDAQ 100,12077.4778,1,2022-07-10 21:44:23,12079.8000,-0.09,-19.04,2022-07-10 21:41:00,1,12087.0000,-6.00
2022-07-07 09:34:56,SHORT,1,@MNQU2,MICRO E-MINI NASDAQ 100,11994.8000,1,2022-07-08 06:43:29,12107.9111,-1.61,-347.90,2022-07-07 15:21:00,1,12168.8000,-227.00
2022-07-06 15:26:16,SHORT,1,@MNQU2,MICRO E-MINI NASDAQ 100,11958.6875,1,2022-07-06 15:43:22,11928.4625,-0.14,-30.62,2022-07-06 15:36:00,1,11974.0000,59.00
2022-07-06 11:43:21,LONG,1,@QMQ2,MINY CRUDE OIL,96.4714,1,2022-07-06 12:04:17,96.5214,-1.71,-373.21,2022-07-06 11:51:00,1,95.7250,17.00
2022-07-05 11:40:33,LONG,1,@MNQU2,MICRO E-MINI NASDAQ 100,11511.1375,1,2022-07-05 11:58:12,11575.9286,0.00,0.00,2022-07-05 11:40:33,,0.0000,129.00
2022-07-05 09:47:57,LONG,1,@MNQU2,MICRO E-MINI NASDAQ 100,11463.0750,1,2022-07-05 10:24:47,11499.9875,-0.54,-115.65,2022-07-05 10:04:00,1,11405.2000,73.00
2022-07-04 18:16:07,LONG,1,@MNQU2,MICRO E-MINI NASDAQ 100,11609.6286,1,2022-07-04 19:23:01,11728.0000,-0.04,-8.76,2022-07-04 18:27:00,1,11605.2000,236.00
2022-06-29 10:59:48,SHORT,1,@MNQU2,MICRO E-MINI NASDAQ 100,11694.1125,1,2022-06-29 13:32:55,11646.7143,-0.21,-45.27,2022-06-29 11:37:00,1,11716.8000,94.00
2022-06-28 15:30:34,LONG,1,@MNQU2,MICRO E-MINI NASDAQ 100,11713.2556,1,2022-06-28 18:40:45,11689.8250,-0.48,-103.51,2022-06-28 16:02:00,1,11661.5000,-48.00
2022-06-27 21:50:04,SHORT,3,@MNQU2,MICRO E-MINI NASDAQ 100,12104.2185,3,2022-06-28 11:58:03,12010.5653,-1.40,-291.86,2022-06-28 03:12:00,2,12158.5000,559.00
2022-06-27 18:48:29,LONG,1,@MNQU2,MICRO E-MINI NASDAQ 100,12063.2111,1,2022-06-27 21:50:04,12036.1667,-0.28,-58.92,2022-06-27 21:50:00,1,12033.8000,-55.00
2022-06-27 11:12:11,SHORT,1,@MNQU2,MICRO E-MINI NASDAQ 100,12092.3556,1,2022-06-27 12:44:42,12071.0000,-0.57,-118.79,2022-06-27 11:46:00,1,12151.8000,42.00
2022-06-27 09:34:27,SHORT,1,@MNQU2,MICRO E-MINI NASDAQ 100,12127.9000,1,2022-06-27 09:35:41,12106.0556,0.00,0.00,2022-06-27 09:34:27,,0.0000,43.00
2022-06-26 18:34:04,SHORT,1,@MNQU2,MICRO E-MINI NASDAQ 100,12104.5667,1,2022-06-26 19:28:03,12131.6889,-0.28,-58.87,2022-06-26 19:28:00,1,12134.0000,-55.00
2022-06-24 10:18:29,SHORT,1,@MNQU2,MICRO E-MINI NASDAQ 100,12047.9000,1,2022-06-24 14:31:41,12035.5000,-0.22,-46.70,2022-06-24 10:24:00,1,12071.2000,24.00
2022-06-23 19:25:00,SHORT,1,@MNQU2,MICRO E-MINI NASDAQ 100,11711.3667,1,2022-06-23 21:15:37,11743.4111,-0.33,-68.27,2022-06-23 21:15:00,1,11745.5000,-65.00
2022-06-22 20:53:50,LONG,1,@MNQU2,MICRO E-MINI NASDAQ 100,11588.1625,1,2022-06-22 21:57:59,11507.1500,-0.81,-171.32,2022-06-22 21:57:00,1,11502.5000,-163.00
2022-06-22 19:07:35,SHORT,1,@MNQU2,MICRO E-MINI NASDAQ 100,11515.3875,1,2022-06-22 20:03:33,11497.4125,0.00,0.00,2022-06-22 19:07:35,,0.0000,35.00
2022-06-22 16:34:48,SHORT,1,@MNQU2,MICRO E-MINI NASDAQ 100,11541.3500,1,2022-06-22 18:15:15,11535.5857,-0.16,-34.80,2022-06-22 18:00:00,1,11558.8000,11.00
2022-06-22 09:27:32,LONG,1,@MNQU2,MICRO E-MINI NASDAQ 100,11446.9000,1,2022-06-22 09:56:05,11602.9667,-0.00,-0.80,2022-06-22 09:30:00,1,11446.5000,311.00
2022-06-21 09:42:34,LONG,1,@MNQU2,MICRO E-MINI NASDAQ 100,11595.3667,1,2022-06-21 10:14:52,11645.2500,-0.37,-76.23,2022-06-21 09:46:00,1,11557.2000,99.00
2022-06-20 20:57:31,LONG,1,@MNQU2,MICRO E-MINI NASDAQ 100,11457.1000,1,2022-06-21 03:35:24,11505.8400,-1.77,-366.20,2022-06-21 00:00:00,1,11274.0000,96.00
2022-06-19 18:25:07,LONG,1,@MNQU2,MICRO E-MINI NASDAQ 100,11388.5000,1,2022-06-19 19:13:14,11400.5000,-0.12,-25.50,2022-06-19 18:29:00,1,11375.8000,23.00
2022-06-17 10:58:08,LONG,1,@MNQU2,MICRO E-MINI NASDAQ 100,11166.1667,1,2022-06-17 13:22:59,11360.7333,-0.29,-58.33,2022-06-17 11:01:00,1,11137.0000,388.00
2022-06-16 14:39:19,LONG,1,@MNQU2,MICRO E-MINI NASDAQ 100,11114.8667,1,2022-06-16 19:18:40,11182.6000,-0.46,-92.23,2022-06-16 14:54:00,1,11068.8000,134.00
2022-06-16 09:38:47,SHORT,1,@MNQU2,MICRO E-MINI NASDAQ 100,11278.3333,1,2022-06-16 11:01:47,11173.2333,-0.70,-139.33,2022-06-16 09:47:00,1,11348.0000,209.00
2022-06-16 01:53:55,LONG,2,@MNQU2,MICRO E-MINI NASDAQ 100,11569.4667,2,2022-06-16 02:33:14,11519.6167,-1.31,-262.87,2022-06-16 02:33:00,2,11503.8000,-201.00
2022-06-15 21:00:00,LONG,1,@MNQU2,MICRO E-MINI NASDAQ 100,11730.8000,1,2022-06-15 21:04:10,11731.9333,-0.04,-8.10,2022-06-15 21:02:00,1,11726.8000,1.00
2022-06-15 14:32:58,SHORT,4,@MNQU2,MICRO E-MINI NASDAQ 100,11561.9083,4,2022-06-15 19:32:50,11652.3833,-6.96,-1445.70,2022-06-15 14:46:00,3,11754.2000,-728.00
2022-06-14 18:37:09,LONG,1,@MNQU2,MICRO E-MINI NASDAQ 100,11386.5000,1,2022-06-14 20:45:16,11412.7667,-0.23,-48.50,2022-06-14 19:16:00,1,11362.2000,52.00
2022-06-14 15:23:01,LONG,1,@MNQU2,MICRO E-MINI NASDAQ 100,11258.9333,1,2022-06-14 15:43:55,11362.7000,0.00,0.00,2022-06-14 15:23:01,,0.0000,207.00
2022-06-14 12:49:13,LONG,1,@MNQU2,MICRO E-MINI NASDAQ 100,11338.6667,1,2022-06-14 13:28:24,11414.2667,-0.07,-13.33,2022-06-14 12:53:00,1,11332.0000,150.00
2022-06-14 10:50:08,LONG,1,@MNQU2,MICRO E-MINI NASDAQ 100,11362.6667,1,2022-06-14 11:50:50,11364.3000,-0.76,-156.33,2022-06-14 11:16:00,1,11284.5000,2.00
2022-06-14 08:41:47,LONG,2,@MNQU2,MICRO E-MINI NASDAQ 100,11398.1667,2,2022-06-14 10:00:11,11375.1667,-2.01,-411.67,2022-06-14 09:44:00,2,11295.2000,-94.00
2022-06-14 08:30:42,LONG,1,@MNQU2,MICRO E-MINI NASDAQ 100,11410.5000,1,2022-06-14 08:39:58,11431.3333,0.00,0.00,2022-06-14 08:30:42,,0.0000,41.00
2022-06-14 07:58:24,LONG,1,@MNQU2,MICRO E-MINI NASDAQ 100,11363.2000,1,2022-06-14 08:01:20,11398.7667,0.00,0.00,2022-06-14 07:58:24,,0.0000,70.00
2022-06-13 20:28:57,LONG,1,@MNQU2,MICRO E-MINI NASDAQ 100,11393.0333,1,2022-06-13 20:31:25,11396.4000,-0.03,-6.57,2022-06-13 20:31:00,1,11389.8000,6.00
2022-06-13 15:44:16,LONG,1,@MNQU2,MICRO E-MINI NASDAQ 100,11320.2000,1,2022-06-13 16:44:28,11369.6667,-0.36,-71.90,2022-06-13 15:51:00,1,11284.2000,98.00
2022-06-13 10:46:09,LONG,1,@MNQU2,MICRO E-MINI NASDAQ 100,11390.8333,1,2022-06-13 11:16:36,11402.0000,-0.45,-91.67,2022-06-13 11:10:00,1,11345.0000,21.00
2022-06-13 03:03:55,LONG,2,@MNQU2,MICRO E-MINI NASDAQ 100,11543.8000,2,2022-06-13 09:36:13,11554.6167,-1.67,-333.20,2022-06-13 04:19:00,2,11460.5000,41.00
2022-06-12 20:00:00,SHORT,1,@MNQU2,MICRO E-MINI NASDAQ 100,11692.6000,1,2022-06-13 03:01:20,11597.0667,-1.36,-273.30,2022-06-13 00:00:00,1,11829.2000,190.00
2022-06-10 11:00:00,SHORT,1,@MNQU2,MICRO E-MINI NASDAQ 100,11881.4667,1,2022-06-10 16:00:00,11870.4000,-1.20,-239.07,2022-06-10 15:28:00,1,12001.0000,21.00
2022-06-10 08:35:06,SHORT,1,@MNQU2,MICRO E-MINI NASDAQ 100,12070.2000,1,2022-06-10 08:46:35,12137.6667,-1.07,-215.60,2022-06-10 08:41:00,1,12178.0000,-136.00
2022-06-09 21:02:51,SHORT,1,@MNQU2,MICRO E-MINI NASDAQ 100,12302.3750,1,2022-06-10 03:26:14,12297.5000,-0.82,-164.75,2022-06-10 00:00:00,1,12384.8000,9.00
2022-06-09 08:44:17,SHORT,3,@MNQU2,MICRO E-MINI NASDAQ 100,12594.6667,3,2022-06-09 19:31:26,12320.0778,-3.56,-657.50,2022-06-09 10:32:00,3,12704.2000,1645.00
2022-06-08 12:57:24,SHORT,3,@MNQM2,MICRO E-MINI NASDAQ 100,12632.5111,3,2022-06-08 18:44:54,12624.5000,-0.84,-154.43,2022-06-08 15:33:00,3,12658.2000,45.00
2022-06-08 11:00:00,LONG,1,@MNQM2,MICRO E-MINI NASDAQ 100,12713.8333,1,2022-06-08 12:33:01,12656.5000,-0.67,-124.17,2022-06-08 12:33:00,1,12651.8000,-116.00
2022-06-08 09:49:24,LONG,2,@MNQM2,MICRO E-MINI NASDAQ 100,12756.0000,2,2022-06-08 10:16:45,12702.4500,-1.49,-278.00,2022-06-08 10:15:00,2,12686.5000,-216.00
2022-06-08 06:06:19,SHORT,2,@MNQM2,MICRO E-MINI NASDAQ 100,12655.2500,2,2022-06-08 08:13:59,12686.9500,-1.44,-269.00,2022-06-08 07:33:00,2,12722.5000,-129.00
2022-06-08 06:00:00,LONG,1,@MNQM2,MICRO E-MINI NASDAQ 100,12681.9000,1,2022-06-08 06:06:19,12655.5500,-0.29,-55.30,2022-06-08 06:06:00,1,12654.2000,-54.00
2022-06-07 20:01:14,SHORT,1,@MNQM2,MICRO E-MINI NASDAQ 100,12674.6500,1,2022-06-08 05:37:21,12687.9000,-0.39,-73.20,2022-06-07 22:10:00,1,12711.2000,-28.00
2022-06-07 10:08:44,SHORT,3,@MNQM2,MICRO E-MINI NASDAQ 100,12599.2444,3,2022-06-07 12:54:05,12614.2778,-3.36,-640.53,2022-06-07 10:46:00,3,12706.0000,-93.00
2022-06-06 18:33:12,SHORT,2,@MNQM2,MICRO E-MINI NASDAQ 100,12529.4667,2,2022-06-07 09:29:22,12454.6667,-0.27,-51.13,2022-06-07 00:00:00,1,12614.5000,297.00
2022-06-06 15:37:52,SHORT,1,@MNQM2,MICRO E-MINI NASDAQ 100,12548.2667,1,2022-06-06 15:41:11,12568.6000,-0.33,-61.97,2022-06-06 15:41:00,1,12579.2000,-42.00
2022-06-06 09:40:05,SHORT,2,@MNQM2,MICRO E-MINI NASDAQ 100,12746.7833,2,2022-06-06 13:49:12,12645.9167,-1.34,-243.87,2022-06-06 10:52:00,2,12807.8000,401.00
2022-06-06 04:30:00,LONG,1,@MNQM2,MICRO E-MINI NASDAQ 100,12742.2333,1,2022-06-06 06:53:42,12741.5000,-0.43,-78.47,2022-06-06 05:44:00,1,12703.0000,-2.00
2022-06-05 20:30:01,SHORT,1,@MNQM2,MICRO E-MINI NASDAQ 100,12569.8667,1,2022-06-05 22:30:00,12606.2667,-0.46,-83.77,2022-06-05 22:22:00,1,12611.8000,-74.00
2022-06-03 11:00:00,SHORT,1,@MNQM2,MICRO E-MINI NASDAQ 100,12565.6000,1,2022-06-03 16:00:00,12554.4000,-0.87,-162.30,2022-06-03 13:04:00,1,12646.8000,21.00
2022-06-02 04:30:00,LONG,1,@MNQM2,MICRO E-MINI NASDAQ 100,12643.3667,1,2022-06-02 09:30:00,12512.5000,-1.84,-341.73,2022-06-02 09:30:00,1,12472.5000,-263.00
2022-05-31 10:11:28,SHORT,4,@MNQM2,MICRO E-MINI NASDAQ 100,12587.5000,4,2022-05-31 12:03:27,12709.8150,-4.98,-982.50,2022-05-31 12:03:00,3,12751.2000,-983.00
2022-05-31 06:30:00,SHORT,1,@MNQM2,MICRO E-MINI NASDAQ 100,12633.6800,1,2022-05-31 09:58:48,12556.6000,-0.74,-145.14,2022-05-31 07:10:00,1,12706.2000,153.00
2022-05-30 20:31:29,SHORT,1,@MNQM2,MICRO E-MINI NASDAQ 100,12757.4000,1,2022-05-30 20:58:05,12711.8600,0.00,0.00,2022-05-30 20:31:29,,0.0000,90.00
2022-05-30 18:16:27,SHORT,1,@MNQU2,MICRO E-MINI NASDAQ 100,12810.6750,1,2022-05-30 18:59:22,12812.4400,-0.02,-4.65,2022-05-30 18:59:00,1,12813.0000,-5.00
2022-05-30 06:31:25,SHORT,1,@MNQU2,MICRO E-MINI NASDAQ 100,12854.5000,1,2022-05-30 10:47:53,12816.6400,-0.23,-45.00,2022-05-30 07:09:00,1,12877.0000,75.00
2022-05-30 03:17:05,SHORT,1,@MNQU2,MICRO E-MINI NASDAQ 100,12872.3000,1,2022-05-30 06:27:25,12859.2200,-0.40,-77.40,2022-05-30 05:48:00,1,12911.0000,25.00
2022-05-30 01:00:15,LONG,1,@MNQU2,MICRO E-MINI NASDAQ 100,12847.6400,1,2022-05-30 03:16:37,12872.1400,-0.11,-20.78,2022-05-30 01:03:00,1,12837.2000,48.00
2022-05-29 20:10:53,SHORT,2,@MNQM2,MICRO E-MINI NASDAQ 100,12753.2100,2,2022-05-30 00:34:11,12803.6750,-1.02,-199.16,2022-05-30 00:33:00,2,12803.0000,-204.00
2022-05-27 10:04:07,SHORT,2,@MNQM2,MICRO E-MINI NASDAQ 100,12542.3400,2,2022-05-27 11:30:00,12552.0000,-1.04,-204.64,2022-05-27 10:37:00,2,12593.5000,-41.00
2022-05-27 09:18:56,SHORT,1,@MNQM2,MICRO E-MINI NASDAQ 100,12402.9600,1,2022-05-27 09:19:54,12394.7000,0.00,0.00,2022-05-27 09:18:56,,0.0000,16.00
2022-05-27 07:54:51,SHORT,2,@MNQM2,MICRO E-MINI NASDAQ 100,12297.0364,2,2022-05-27 07:58:52,12295.2600,-0.05,-10.85,2022-05-27 07:57:00,2,12299.8000,5.00
2022-05-27 04:30:00,LONG,1,@MNQM2,MICRO E-MINI NASDAQ 100,12326.1200,1,2022-05-27 07:54:51,12297.2400,-0.34,-66.24,2022-05-27 07:53:00,1,12293.0000,-59.00
2022-05-26 18:17:15,LONG,1,@MNQM2,MICRO E-MINI NASDAQ 100,12282.0000,1,2022-05-26 20:28:18,12278.5000,-0.12,-23.50,2022-05-26 20:18:00,1,12270.2000,-8.00
2022-05-26 13:29:16,SHORT,1,@MNQM2,MICRO E-MINI NASDAQ 100,12283.9000,1,2022-05-26 13:31:24,12294.2500,-0.11,-21.00,2022-05-26 13:31:24,1,12294.2000,-22.00
2022-05-26 12:50:24,SHORT,1,@MNQM2,MICRO E-MINI NASDAQ 100,12301.1250,1,2022-05-26 13:27:33,12295.2250,-0.43,-84.75,2022-05-26 13:10:00,1,12343.5000,11.00
2022-05-26 12:32:17,SHORT,1,@MNQM2,MICRO E-MINI NASDAQ 100,12297.1000,1,2022-05-26 12:46:24,12294.0000,-0.06,-11.30,2022-05-26 12:40:00,1,12302.8000,5.00
2022-05-26 10:00:53,LONG,1,@MNQM2,MICRO E-MINI NASDAQ 100,12129.3250,1,2022-05-26 10:07:13,12133.5250,-0.34,-66.15,2022-05-26 10:05:00,1,12096.2000,7.00
2022-05-26 00:37:42,LONG,2,@MNQM2,MICRO E-MINI NASDAQ 100,11905.7375,2,2022-05-26 07:31:53,11980.1125,-0.55,-105.70,2022-05-26 02:08:00,1,11848.5000,296.00
2022-05-25 19:19:25,LONG,1,@MNQM2,MICRO E-MINI NASDAQ 100,11920.5500,1,2022-05-25 19:34:51,11910.2500,-0.12,-23.10,2022-05-25 19:34:00,1,11909.0000,-22.00
2022-05-25 18:16:05,LONG,1,@MNQM2,MICRO E-MINI NASDAQ 100,11916.0000,1,2022-05-25 19:05:51,11915.7250,-0.24,-47.50,2022-05-25 18:28:00,1,11892.2000,-2.00
2022-05-25 12:29:54,LONG,1,@MNQM2,MICRO E-MINI NASDAQ 100,11809.0400,1,2022-05-25 14:02:44,11912.6400,-0.21,-41.08,2022-05-25 12:36:00,1,11788.5000,206.00
2022-05-25 10:17:23,LONG,1,@MNQM2,MICRO E-MINI NASDAQ 100,11830.5000,1,2022-05-25 11:59:43,11858.1250,-0.17,-32.00,2022-05-25 11:35:00,1,11814.5000,54.00
2022-05-25 09:53:08,LONG,1,@MNQM2,MICRO E-MINI NASDAQ 100,11777.9000,1,2022-05-25 09:53:30,11782.2600,0.00,0.00,2022-05-25 09:53:08,,0.0000,8.00
2022-05-25 09:31:00,LONG,3,@MNQM2,MICRO E-MINI NASDAQ 100,11747.6400,3,2022-05-25 09:49:01,11780.6467,0.00,0.00,2022-05-25 09:31:00,,0.0000,195.00
2022-05-25 08:34:16,LONG,3,@MNQM2,MICRO E-MINI NASDAQ 100,11731.4067,3,2022-05-25 08:57:42,11707.3800,-0.91,-174.94,2022-05-25 08:41:00,3,11702.2000,-147.00
2022-05-25 08:30:00,SHORT,1,@MNQM2,MICRO E-MINI NASDAQ 100,11692.2000,1,2022-05-25 08:34:16,11731.7600,-0.50,-97.10,2022-05-25 08:34:00,1,11740.8000,-80.00
2022-05-25 08:07:43,SHORT,1,@MNQM2,MICRO E-MINI NASDAQ 100,11687.9200,1,2022-05-25 08:09:00,11695.9200,-0.08,-16.00,2022-05-25 08:09:00,1,11695.9000,-17.00
2022-05-24 20:39:03,LONG,1,@MNQM2,MICRO E-MINI NASDAQ 100,11809.2600,1,2022-05-24 22:54:29,11843.4250,0.00,0.00,2022-05-24 20:39:03,,0.0000,67.00
2022-05-24 16:57:36,LONG,1,@MNQM2,MICRO E-MINI NASDAQ 100,11810.5200,1,2022-05-24 19:50:58,11848.6000,-0.01,-1.54,2022-05-24 18:00:00,1,11809.8000,75.00
2022-05-24 15:37:47,LONG,1,@MNQM2,MICRO E-MINI NASDAQ 100,11799.9600,1,2022-05-24 16:05:35,11806.3000,-0.61,-117.42,2022-05-24 15:55:00,1,11741.2000,12.00
2022-05-24 15:36:08,LONG,2,@MNQM2,MICRO E-MINI NASDAQ 100,11789.8300,2,2022-05-24 15:36:48,11788.3500,-0.03,-6.00,2022-05-24 15:36:48,2,11788.3000,-8.00
2022-05-24 14:09:30,LONG,1,@MNQM2,MICRO E-MINI NASDAQ 100,11768.8400,1,2022-05-24 14:31:16,11721.0800,-0.61,-118.18,2022-05-24 14:20:00,1,11709.8000,-97.00
2022-05-24 14:06:21,LONG,1,@MNQM2,MICRO E-MINI NASDAQ 100,11724.6800,1,2022-05-24 14:07:46,11729.3400,0.00,0.00,2022-05-24 14:06:21,,0.0000,8.00
2022-05-24 13:01:39,LONG,1,@MNQM2,MICRO E-MINI NASDAQ 100,11679.9200,1,2022-05-24 13:57:42,11737.9600,-0.39,-73.84,2022-05-24 13:04:00,1,11643.0000,115.00
2022-05-24 09:35:16,SHORT,2,@MNQM2,MICRO E-MINI NASDAQ 100,11787.1500,2,2022-05-24 10:32:30,11697.2125,0.00,0.00,2022-05-24 09:35:16,,0.0000,358.00
2022-05-24 09:22:57,LONG,1,@MNQM2,MICRO E-MINI NASDAQ 100,11843.8500,1,2022-05-24 09:35:16,11787.4250,-0.69,-129.70,2022-05-24 09:35:00,1,11779.0000,-114.00
2022-05-24 00:00:00,SHORT,7,@MNQM2,MICRO E-MINI NASDAQ 100,11829.2079,7,2022-05-24 06:37:06,11830.4813,-0.34,-63.59,2022-05-24 06:37:00,-7,11833.8000,-25.00
2022-05-23 18:35:33,LONG,1,@MNQM2,MICRO E-MINI NASDAQ 100,11860.8000,1,2022-05-23 20:28:02,11876.0750,-0.11,-21.60,2022-05-23 18:39:00,1,11850.0000,30.00
2022-05-23 16:07:33,LONG,1,@MNQM2,MICRO E-MINI NASDAQ 100,12051.5000,1,2022-05-23 16:23:27,12053.0500,-0.01,-2.00,2022-05-23 16:14:00,1,12050.5000,2.00
2022-05-23 12:00:00,LONG,1,@MNQM2,MICRO E-MINI NASDAQ 100,11991.3250,1,2022-05-23 14:56:57,12002.1500,-0.79,-149.15,2022-05-23 13:21:00,1,11916.8000,21.00
2022-05-23 08:30:00,SHORT,1,@MNQM2,MICRO E-MINI NASDAQ 100,11919.3750,1,2022-05-23 09:41:51,11907.7500,-0.09,-17.25,2022-05-23 09:19:00,1,11928.0000,22.00
2022-05-19 11:30:00,LONG,1,@MNQM2,MICRO E-MINI NASDAQ 100,11948.4500,1,2022-05-19 16:00:00,11873.7250,-1.02,-194.90,2022-05-19 13:14:00,1,11851.0000,-150.00
2022-05-19 04:30:00,SHORT,1,@MNQM2,MICRO E-MINI NASDAQ 100,11785.8200,1,2022-05-19 09:37:13,11957.6750,-2.02,-385.86,2022-05-19 09:37:00,1,11978.8000,-345.00
2022-05-18 18:33:28,LONG,1,@MNQM2,MICRO E-MINI NASDAQ 100,11904.9333,1,2022-05-18 18:55:20,11900.0333,-0.09,-16.87,2022-05-18 18:54:00,1,11896.5000,-11.00
2022-05-18 15:39:42,LONG,3,@MNQM2,MICRO E-MINI NASDAQ 100,11934.3867,3,2022-05-18 16:50:22,11906.0117,-1.47,-284.55,2022-05-18 16:39:00,2,11863.2000,-173.00
2022-05-18 15:05:15,LONG,1,@MNQM2,MICRO E-MINI NASDAQ 100,11952.0000,1,2022-05-18 15:12:41,11956.5800,-0.11,-21.50,2022-05-18 15:10:00,1,11941.2000,8.00
2022-05-18 08:00:00,SHORT,1,@MNQM2,MICRO E-MINI NASDAQ 100,12415.6400,1,2022-05-18 11:24:16,12173.0000,-0.33,-63.72,2022-05-18 08:29:00,1,12447.5000,484.00
2022-05-17 22:41:39,LONG,2,@MNQM2,MICRO E-MINI NASDAQ 100,12539.6900,2,2022-05-18 07:05:37,12458.9600,-1.75,-334.76,2022-05-18 07:05:00,2,12456.0000,-325.00
2022-05-17 10:40:05,SHORT,4,@MNQM2,MICRO E-MINI NASDAQ 100,12461.1417,4,2022-05-17 22:41:39,12482.0400,-2.41,-459.43,2022-05-17 19:32:00,2,12576.0000,-171.00
2022-05-17 08:00:35,SHORT,1,@MNQM2,MICRO E-MINI NASDAQ 100,12472.3500,1,2022-05-17 08:05:11,12482.5000,-0.20,-38.30,2022-05-17 08:03:00,1,12491.5000,-21.00
2022-05-17 04:30:00,LONG,1,@MNQM2,MICRO E-MINI NASDAQ 100,12460.9500,1,2022-05-17 07:27:11,12505.8750,-0.06,-12.40,2022-05-17 04:32:00,1,12454.8000,89.00
2022-05-16 19:32:37,SHORT,1,@MNQM2,MICRO E-MINI NASDAQ 100,12246.8000,1,2022-05-16 19:42:31,12255.0000,-0.10,-19.40,2022-05-16 19:42:00,1,12256.5000,-17.00
2022-05-16 11:35:11,LONG,1,@MNQM2,MICRO E-MINI NASDAQ 100,12242.0000,1,2022-05-16 11:47:27,12283.7333,-0.16,-30.50,2022-05-16 11:38:00,1,12226.8000,82.00
2022-05-16 10:00:00,SHORT,1,@MNQM2,MICRO E-MINI NASDAQ 100,12246.1333,1,2022-05-16 11:35:11,12242.5000,-1.35,-258.73,2022-05-16 10:29:00,1,12375.5000,6.00
2022-05-16 08:57:28,SHORT,1,@MNQM2,MICRO E-MINI NASDAQ 100,12355.5000,1,2022-05-16 09:07:49,12353.4000,-0.13,-24.50,2022-05-16 09:05:00,1,12367.8000,3.00
2022-05-16 08:30:18,LONG,1,@MNQM2,MICRO E-MINI NASDAQ 100,12370.0000,1,2022-05-16 08:36:18,12403.6333,0.00,0.00,2022-05-16 08:30:18,,0.0000,66.00
2022-05-13 10:30:00,LONG,1,@MNQM2,MICRO E-MINI NASDAQ 100,12323.4000,1,2022-05-13 10:30:40,12316.3500,-0.07,-14.00,2022-05-13 10:30:40,1,12316.3000,-15.00
2022-05-13 08:00:00,LONG,1,@MNQM2,MICRO E-MINI NASDAQ 100,12200.1000,1,2022-05-13 10:07:18,12288.5000,-1.42,-270.70,2022-05-13 09:35:00,1,12064.8000,176.00
2022-05-12 18:16:59,LONG,2,@MNQM2,MICRO E-MINI NASDAQ 100,11934.7500,2,2022-05-12 21:08:20,12043.3750,-0.19,-36.00,2022-05-12 18:24:00,2,11925.8000,433.00
2022-05-12 13:12:41,LONG,4,@MNQM2,MICRO E-MINI NASDAQ 100,11793.3125,4,2022-05-12 16:56:07,11804.9375,-3.74,-700.50,2022-05-12 14:09:00,4,11705.8000,89.00
2022-05-12 11:50:48,LONG,4,@MNQM2,MICRO E-MINI NASDAQ 100,11859.3125,4,2022-05-12 13:10:03,11891.1250,-2.48,-398.50,2022-05-12 12:18:00,4,11809.5000,251.00
2022-05-12 10:24:47,LONG,2,@MNQM2,MICRO E-MINI NASDAQ 100,11984.5000,2,2022-05-12 11:17:34,12022.7500,-1.17,-188.00,2022-05-12 10:45:00,1,11915.0000,151.00
2022-05-12 04:31:06,LONG,15,@MNQM2,MICRO E-MINI NASDAQ 100,11818.1833,15,2022-05-12 10:16:42,11905.9833,-19.99,-3010.40,2022-05-12 09:40:00,12,11692.8000,2620.00
2022-05-12 04:08:08,LONG,1,@MNQM2,MICRO E-MINI NASDAQ 100,11868.7500,1,2022-05-12 04:13:21,11888.5000,0.00,0.00,2022-05-12 04:08:08,,0.0000,39.00
2022-05-12 03:45:25,LONG,4,@MNQM2,MICRO E-MINI NASDAQ 100,11901.8125,4,2022-05-12 04:01:32,11922.9375,0.00,0.00,2022-05-12 03:45:25,,0.0000,165.00
2022-05-12 03:00:00,SHORT,1,@MNQM2,MICRO E-MINI NASDAQ 100,11910.2500,1,2022-05-12 03:43:41,11879.2500,-0.11,-17.00,2022-05-12 03:16:00,1,11918.8000,61.00
2022-05-11 19:05:37,LONG,4,@MNQM2,MICRO E-MINI NASDAQ 100,11993.0625,4,2022-05-12 02:30:00,11936.3750,-3.31,-520.50,2022-05-11 20:20:00,3,11923.2000,-458.00
2022-05-11 18:18:11,SHORT,1,@MNQM2,MICRO E-MINI NASDAQ 100,11967.5000,1,2022-05-11 18:32:15,11971.2500,-0.09,-13.50,2022-05-11 18:32:00,1,11974.2000,-9.00
2022-05-11 13:21:47,SHORT,1,@MNQM2,MICRO E-MINI NASDAQ 100,12091.2500,1,2022-05-11 14:07:48,12054.2500,-0.66,-103.50,2022-05-11 13:25:00,1,12143.0000,73.00
2022-05-11 11:18:34,SHORT,1,@MNQM2,MICRO E-MINI NASDAQ 100,12234.5000,1,2022-05-11 11:37:07,12350.0000,-1.73,-276.50,2022-05-11 11:37:00,1,12372.8000,-232.00
2022-05-11 08:54:16,SHORT,1,@MNQM2,MICRO E-MINI NASDAQ 100,12148.5000,1,2022-05-11 08:58:09,12130.2500,-0.02,-3.50,2022-05-11 08:57:00,1,12150.2000,36.00
2022-05-11 08:00:00,LONG,1,@MNQM2,MICRO E-MINI NASDAQ 100,12524.2500,1,2022-05-11 08:30:00,12453.7500,-2.80,-448.50,2022-05-11 08:30:00,1,12300.0000,-142.00
2022-05-10 18:45:49,LONG,2,@MNQM2,MICRO E-MINI NASDAQ 100,12351.5000,2,2022-05-11 00:01:21,12438.3750,-0.80,-126.00,2022-05-10 19:56:00,2,12320.0000,346.00
2022-05-10 14:15:15,LONG,3,@MNQM2,MICRO E-MINI NASDAQ 100,12465.4167,3,2022-05-10 14:47:16,12452.3333,-1.57,-244.67,2022-05-10 14:40:00,2,12404.2000,-82.00
2022-05-10 11:39:07,LONG,5,@MNQM2,MICRO E-MINI NASDAQ 100,12272.7500,5,2022-05-10 13:46:38,12319.6500,-3.18,-486.00,2022-05-10 12:31:00,3,12191.8000,464.00
2022-05-10 11:17:23,LONG,3,@MNQM2,MICRO E-MINI NASDAQ 100,12212.0833,3,2022-05-10 11:36:02,12222.2500,-0.53,-84.17,2022-05-10 11:29:00,1,12170.0000,58.00
2022-05-10 10:33:22,LONG,4,@MNQM2,MICRO E-MINI NASDAQ 100,12329.1875,4,2022-05-10 11:05:35,12240.3750,-4.62,-730.12,2022-05-10 11:05:00,3,12207.5000,-715.00
2022-05-10 10:03:21,LONG,1,@MNQM2,MICRO E-MINI NASDAQ 100,12497.5000,1,2022-05-10 10:07:28,12524.7500,0.00,0.00,2022-05-10 10:03:21,,0.0000,54.00
2022-05-10 09:37:04,LONG,2,@MNQM2,MICRO E-MINI NASDAQ 100,12407.6250,2,2022-05-10 09:57:32,12423.5000,-1.79,-282.50,2022-05-10 09:49:00,2,12337.0000,62.00
2022-05-10 09:13:57,SHORT,2,@MNQM2,MICRO E-MINI NASDAQ 100,12498.8750,2,2022-05-10 09:21:05,12485.7500,0.00,0.00,2022-05-10 09:13:57,,0.0000,51.00
2022-05-10 09:09:07,SHORT,1,@MNQM2,MICRO E-MINI NASDAQ 100,12490.5000,1,2022-05-10 09:13:08,12511.5000,-0.36,-56.00,2022-05-10 09:13:00,1,12518.5000,-43.00
2022-05-10 08:37:23,LONG,2,@MNQM2,MICRO E-MINI NASDAQ 100,12444.1250,2,2022-05-10 09:09:07,12486.6250,-0.17,-26.50,2022-05-10 08:48:00,1,12408.5000,168.00
2022-05-10 03:13:25,SHORT,1,@MNQM2,MICRO E-MINI NASDAQ 100,12367.2500,1,2022-05-10 07:58:36,12338.0000,-0.66,-103.00,2022-05-10 05:40:00,1,12418.8000,58.00
2022-05-09 12:39:48,LONG,9,@MNQM2,MICRO E-MINI NASDAQ 100,12221.5833,9,2022-05-10 02:34:54,12265.5556,-5.49,-820.00,2022-05-09 15:52:00,4,12131.5000,784.00
2022-05-09 10:29:02,LONG,2,@MNQM2,MICRO E-MINI NASDAQ 100,12335.6250,2,2022-05-09 12:07:31,12356.6250,-1.71,-251.50,2022-05-09 12:04:00,2,12272.8000,82.00
2022-05-09 10:18:14,SHORT,1,@MNQM2,MICRO E-MINI NASDAQ 100,12395.7500,1,2022-05-09 10:19:24,12400.7500,-0.07,-10.00,2022-05-09 10:19:24,1,12400.8000,-11.00
2022-05-09 10:10:25,LONG,1,@MNQM2,MICRO E-MINI NASDAQ 100,12386.7500,1,2022-05-09 10:13:33,12425.0000,0.00,0.00,2022-05-09 10:10:25,,0.0000,76.00
2022-05-09 08:17:43,SHORT,1,@MNQM2,MICRO E-MINI NASDAQ 100,12410.0000,1,2022-05-09 08:30:21,12410.0000,-0.15,-21.50,2022-05-09 08:22:00,1,12420.8000,-1.00
2022-05-09 07:39:20,SHORT,1,@MNQM2,MICRO E-MINI NASDAQ 100,12368.2500,1,2022-05-09 07:46:19,12387.5000,-0.38,-54.50,2022-05-09 07:46:00,1,12395.5000,-40.00
2022-05-08 21:02:47,SHORT,2,@MNQM2,MICRO E-MINI NASDAQ 100,12504.6250,2,2022-05-09 07:33:49,12368.1250,-1.73,-242.50,2022-05-09 00:00:00,1,12636.8000,544.00
2022-05-06 14:53:45,SHORT,1,@MNQM2,MICRO E-MINI NASDAQ 100,12663.0000,1,2022-05-08 18:20:44,12594.0000,-1.30,-182.00,2022-05-06 15:50:00,1,12754.0000,137.00
2022-05-06 13:58:41,LONG,3,@MNQM2,MICRO E-MINI NASDAQ 100,12650.8333,3,2022-05-06 14:49:08,12654.6667,-1.10,-153.33,2022-05-06 14:39:00,2,12612.5000,20.00
2022-05-06 13:22:45,SHORT,1,@MNQM2,MICRO E-MINI NASDAQ 100,12765.2500,1,2022-05-06 13:24:14,12789.2500,-0.34,-48.00,2022-05-06 13:24:14,1,12789.2000,-49.00
2022-05-06 10:51:35,SHORT,2,@MNQM2,MICRO E-MINI NASDAQ 100,12847.1250,2,2022-05-06 12:38:04,12762.2500,-1.92,-267.50,2022-05-06 11:24:00,1,12929.2000,338.00
2022-05-06 10:07:32,SHORT,1,@MNQM2,MICRO E-MINI NASDAQ 100,12678.2500,1,2022-05-06 10:46:35,12790.5000,-2.48,-324.00,2022-05-06 10:19:00,1,12840.2000,-226.00
2022-05-06 09:57:05,LONG,1,@MNQM2,MICRO E-MINI NASDAQ 100,12526.0000,1,2022-05-06 09:57:59,12542.0000,0.00,0.00,2022-05-06 09:57:05,,0.0000,31.00
2022-05-06 09:02:32,SHORT,4,@MNQM2,MICRO E-MINI NASDAQ 100,12718.0000,4,2022-05-06 09:53:09,12579.5000,-1.40,-183.00,2022-05-06 09:31:00,3,12792.5000,1104.00
2022-05-06 08:51:22,LONG,2,@MNQM2,MICRO E-MINI NASDAQ 100,12759.8750,2,2022-05-06 09:00:00,12722.0000,-1.33,-174.50,2022-05-06 08:59:00,2,12716.2000,-154.00
2022-05-06 08:31:58,LONG,1,@MNQM2,MICRO E-MINI NASDAQ 100,12821.5000,1,2022-05-06 08:33:26,12834.5000,0.00,0.00,2022-05-06 08:31:58,,0.0000,25.00
2022-05-05 15:49:11,SHORT,2,@MNQM2,MICRO E-MINI NASDAQ 100,12797.0000,2,2022-05-06 08:30:29,12824.5000,-2.79,-364.00,2022-05-05 16:10:00,1,12922.8000,-112.00
2022-05-05 09:00:16,SHORT,11,@MNQM2,MICRO E-MINI NASDAQ 100,13063.5455,11,2022-05-05 15:15:15,12917.8864,0.00,0.00,2022-05-05 09:00:16,,0.0000,3195.00
